Number,ID,Answer,Date
0,1,cigar,2021-06-19
1,2,rebut,2021-06-20
2,3,sissy,2021-06-21
3,4,humph,2021-06-22
4,5,awake,2021-06-23
5,6,blush,2021-06-24
6,7,focal,2021-06-25
7,8,evade,2021-06-26
8,9,naval,2021-06-27
9,10,serve,2021-06-28
10,11,heath,2021-06-29
11,12,dwarf,2021-06-30
12,13,model,2021-07-01
13,14,karma,2021-07-02
14,15,stink,2021-07-03
15,16,grade,2021-07-04
16,17,quiet,2021-07-05
17,18,bench,2021-07-06
18,19,abate,2021-07-07
19,20,feign,2021-07-08
20,21,major,2021-07-09
21,22,death,2021-07-10
22,23,fresh,2021-07-11
23,24,crust,2021-07-12
24,25,stool,2021-07-13
25,26,colon,2021-07-14
26,27,abase,2021-07-15
27,28,marry,2021-07-16
28,29,react,2021-07-17
29,30,batty,2021-07-18
30,31,pride,2021-07-19
31,32,floss,2021-07-20
32,33,helix,2021-07-21
33,34,croak,2021-07-22
34,35,staff,2021-07-23
35,36,paper,2021-07-24
36,37,unfed,2021-07-25
37,38,whelp,2021-07-26
38,39,trawl,2021-07-27
39,40,outdo,2021-07-28
40,41,adobe,2021-07-29
41,42,crazy,2021-07-30
42,43,sower,2021-07-31
43,44,repay,2021-08-01
44,45,digit,2021-08-02
45,46,crate,2021-08-03
46,47,cluck,2021-08-04
47,48,spike,2021-08-05
48,49,mimic,2021-08-06
49,50,pound,2021-08-07
50,51,maxim,2021-08-08
51,52,linen,2021-08-09
52,53,unmet,2021-08-10
53,54,flesh,2021-08-11
54,55,booby,2021-08-12
55,56,forth,2021-08-13
56,57,first,2021-08-14
57,58,stand,2021-08-15
58,59,belly,2021-08-16
59,60,ivory,2021-08-17
60,61,seedy,2021-08-18
61,62,print,2021-08-19
62,63,yearn,2021-08-20
63,64,drain,2021-08-21
64,65,bribe,2021-08-22
65,66,stout,2021-08-23
66,67,panel,2021-08-24
67,68,crass,2021-08-25
68,69,flume,2021-08-26
69,70,offal,2021-08-27
70,71,agree,2021-08-28
71,72,error,2021-08-29
72,73,swirl,2021-08-30
73,74,argue,2021-08-31
74,75,bleed,2021-09-01
75,76,delta,2021-09-02
76,77,flick,2021-09-03
77,78,totem,2021-09-04
78,79,wooer,2021-09-05
79,80,front,2021-09-06
80,81,shrub,2021-09-07
81,82,parry,2021-09-08
82,83,biome,2021-09-09
83,84,lapel,2021-09-10
84,85,start,2021-09-11
85,86,greet,2021-09-12
86,87,goner,2021-09-13
87,88,golem,2021-09-14
88,89,lusty,2021-09-15
89,90,loopy,2021-09-16
90,91,round,2021-09-17
91,92,audit,2021-09-18
92,93,lying,2021-09-19
93,94,gamma,2021-09-20
94,95,labor,2021-09-21
95,96,islet,2021-09-22
96,97,civic,2021-09-23
97,98,forge,2021-09-24
98,99,corny,2021-09-25
99,100,moult,2021-09-26
100,101,basic,2021-09-27
101,102,salad,2021-09-28
102,103,agate,2021-09-29
103,104,spicy,2021-09-30
104,105,spray,2021-10-01
105,106,essay,2021-10-02
106,107,fjord,2021-10-03
107,108,spend,2021-10-04
108,109,kebab,2021-10-05
109,110,guild,2021-10-06
110,111,aback,2021-10-07
111,112,motor,2021-10-08
112,113,alone,2021-10-09
113,114,hatch,2021-10-10
114,115,hyper,2021-10-11
115,116,thumb,2021-10-12
116,117,dowry,2021-10-13
117,118,ought,2021-10-14
118,119,belch,2021-10-15
119,120,dutch,2021-10-16
120,121,pilot,2021-10-17
121,122,tweed,2021-10-18
122,123,comet,2021-10-19
123,124,jaunt,2021-10-20
124,125,enema,2021-10-21
125,126,steed,2021-10-22
126,127,abyss,2021-10-23
127,128,growl,2021-10-24
128,129,fling,2021-10-25
129,130,dozen,2021-10-26
130,131,boozy,2021-10-27
131,132,erode,2021-10-28
132,133,world,2021-10-29
133,134,gouge,2021-10-30
134,135,click,2021-10-31
135,136,briar,2021-11-01
136,137,great,2021-11-02
137,138,altar,2021-11-03
138,139,pulpy,2021-11-04
139,140,blurt,2021-11-05
140,141,coast,2021-11-06
141,142,duchy,2021-11-07
142,143,groin,2021-11-08
143,144,fixer,2021-11-09
144,145,group,2021-11-10
145,146,rogue,2021-11-11
146,147,badly,2021-11-12
147,148,smart,2021-11-13
148,149,pithy,2021-11-14
149,150,gaudy,2021-11-15
150,151,chill,2021-11-16
151,152,heron,2021-11-17
152,153,vodka,2021-11-18
153,154,finer,2021-11-19
154,155,surer,2021-11-20
155,156,radio,2021-11-21
156,157,rouge,2021-11-22
157,158,perch,2021-11-23
158,159,retch,2021-11-24
159,160,wrote,2021-11-25
160,161,clock,2021-11-26
161,162,tilde,2021-11-27
162,163,store,2021-11-28
163,164,prove,2021-11-29
164,165,bring,2021-11-30
165,166,solve,2021-12-01
166,167,cheat,2021-12-02
167,168,grime,2021-12-03
168,169,exult,2021-12-04
169,170,usher,2021-12-05
170,171,epoch,2021-12-06
171,172,triad,2021-12-07
172,173,break,2021-12-08
173,174,rhino,2021-12-09
174,175,viral,2021-12-10
175,176,conic,2021-12-11
176,177,masse,2021-12-12
177,178,sonic,2021-12-13
178,179,vital,2021-12-14
179,180,trace,2021-12-15
180,181,using,2021-12-16
181,182,peach,2021-12-17
182,183,champ,2021-12-18
183,184,baton,2021-12-19
184,185,brake,2021-12-20
185,186,pluck,2021-12-21
186,187,craze,2021-12-22
187,188,gripe,2021-12-23
188,189,weary,2021-12-24
189,190,picky,2021-12-25
190,191,acute,2021-12-26
191,192,ferry,2021-12-27
192,193,aside,2021-12-28
193,194,tapir,2021-12-29
194,195,troll,2021-12-30
195,196,unify,2021-12-31
196,197,rebus,2022-01-01
197,198,boost,2022-01-02
198,199,truss,2022-01-03
199,200,siege,2022-01-04
200,201,tiger,2022-01-05
201,202,banal,2022-01-06
202,203,slump,2022-01-07
203,204,crank,2022-01-08
204,205,gorge,2022-01-09
205,206,query,2022-01-10
206,207,drink,2022-01-11
207,208,favor,2022-01-12
208,209,abbey,2022-01-13
209,210,tangy,2022-01-14
210,211,panic,2022-01-15
211,212,solar,2022-01-16
212,213,shire,2022-01-17
213,214,proxy,2022-01-18
214,215,point,2022-01-19
215,216,robot,2022-01-20
216,217,prick,2022-01-21
217,218,wince,2022-01-22
218,219,crimp,2022-01-23
219,220,knoll,2022-01-24
220,221,sugar,2022-01-25
221,222,whack,2022-01-26
222,223,mount,2022-01-27
223,224,perky,2022-01-28
224,225,could,2022-01-29
225,226,wrung,2022-01-30
226,227,light,2022-01-31
227,228,those,2022-02-01
228,229,moist,2022-02-02
229,230,shard,2022-02-03
230,231,pleat,2022-02-04
231,232,aloft,2022-02-05
232,233,skill,2022-02-06
233,234,elder,2022-02-07
234,235,frame,2022-02-08
235,236,humor,2022-02-09
236,237,pause,2022-02-10
237,238,ulcer,2022-02-11
238,239,ultra,2022-02-12
239,240,robin,2022-02-13
240,241,cynic,2022-02-14
241,242,aroma,2022-02-15
242,243,caulk,2022-02-16
243,244,shake,2022-02-17
244,245,dodge,2022-02-18
245,246,swill,2022-02-19
246,247,tacit,2022-02-20
247,248,other,2022-02-21
248,249,thorn,2022-02-22
249,250,trove,2022-02-23
250,251,bloke,2022-02-24
251,252,vivid,2022-02-25
252,253,spill,2022-02-26
253,254,chant,2022-02-27
254,255,choke,2022-02-28
255,256,rupee,2022-03-01
256,257,nasty,2022-03-02
257,258,mourn,2022-03-03
258,259,ahead,2022-03-04
259,260,brine,2022-03-05
260,261,cloth,2022-03-06
261,262,hoard,2022-03-07
262,263,sweet,2022-03-08
263,264,month,2022-03-09
264,265,lapse,2022-03-10
265,266,watch,2022-03-11
266,267,today,2022-03-12
267,268,focus,2022-03-13
268,269,smelt,2022-03-14
269,270,tease,2022-03-15
270,271,cater,2022-03-16
271,272,movie,2022-03-17
272,273,saute,2022-03-18
273,274,allow,2022-03-19
274,275,renew,2022-03-20
275,276,their,2022-03-21
276,277,slosh,2022-03-22
277,278,purge,2022-03-23
278,279,chest,2022-03-24
279,280,depot,2022-03-25
280,281,epoxy,2022-03-26
281,282,nymph,2022-03-27
282,283,found,2022-03-28
283,284,shall,2022-03-29
284,285,stove,2022-03-30
285,286,lowly,2022-03-31
286,287,snout,2022-04-01
287,288,trope,2022-04-02
288,289,fewer,2022-04-03
289,290,shawl,2022-04-04
290,291,natal,2022-04-05
291,292,comma,2022-04-06
292,293,foray,2022-04-07
293,294,scare,2022-04-08
294,295,stair,2022-04-09
295,296,black,2022-04-10
296,297,squad,2022-04-11
297,298,royal,2022-04-12
298,299,chunk,2022-04-13
299,300,mince,2022-04-14
300,301,shame,2022-04-15
301,302,cheek,2022-04-16
302,303,ample,2022-04-17
303,304,flair,2022-04-18
304,305,foyer,2022-04-19
305,306,cargo,2022-04-20
306,307,oxide,2022-04-21
307,308,plant,2022-04-22
308,309,olive,2022-04-23
309,310,inert,2022-04-24
310,311,askew,2022-04-25
311,312,heist,2022-04-26
312,313,shown,2022-04-27
313,314,zesty,2022-04-28
314,315,trash,2022-04-29
315,316,larva,2022-04-30
316,317,forgo,2022-05-01
317,318,story,2022-05-02
318,319,hairy,2022-05-03
319,320,train,2022-05-04
320,321,homer,2022-05-05
321,322,badge,2022-05-06
322,323,midst,2022-05-07
323,324,canny,2022-05-08
324,325,shine,2022-05-09
325,326,gecko,2022-05-10
326,327,farce,2022-05-11
327,328,slung,2022-05-12
328,329,tipsy,2022-05-13
329,330,metal,2022-05-14
330,331,yield,2022-05-15
331,332,delve,2022-05-16
332,333,being,2022-05-17
333,334,scour,2022-05-18
334,335,glass,2022-05-19
335,336,gamer,2022-05-20
336,337,scrap,2022-05-21
337,338,money,2022-05-22
338,339,hinge,2022-05-23
339,340,album,2022-05-24
340,341,vouch,2022-05-25
341,342,asset,2022-05-26
342,343,tiara,2022-05-27
343,344,crept,2022-05-28
344,345,bayou,2022-05-29
345,346,atoll,2022-05-30
346,347,manor,2022-05-31
347,348,creak,2022-06-01
348,349,showy,2022-06-02
349,350,phase,2022-06-03
350,351,froth,2022-06-04
351,352,depth,2022-06-05
352,353,gloom,2022-06-06
353,354,flood,2022-06-07
354,355,trait,2022-06-08
355,356,girth,2022-06-09
356,357,piety,2022-06-10
357,358,goose,2022-06-11
358,359,float,2022-06-12
359,360,donor,2022-06-13
360,361,atone,2022-06-14
361,362,primo,2022-06-15
362,363,apron,2022-06-16
363,364,blown,2022-06-17
364,365,cacao,2022-06-18
365,366,loser,2022-06-19
366,367,input,2022-06-20
367,368,gloat,2022-06-21
368,369,awful,2022-06-22
369,370,brink,2022-06-23
370,371,smite,2022-06-24
371,372,beady,2022-06-25
372,373,rusty,2022-06-26
373,374,retro,2022-06-27
374,375,droll,2022-06-28
375,376,gawky,2022-06-29
376,377,hutch,2022-06-30
377,378,pinto,2022-07-01
378,379,egret,2022-07-02
379,380,lilac,2022-07-03
380,381,sever,2022-07-04
381,382,field,2022-07-05
382,383,fluff,2022-07-06
383,384,agape,2022-07-07
384,385,voice,2022-07-08
385,386,stead,2022-07-09
386,387,berth,2022-07-10
387,388,madam,2022-07-11
388,389,night,2022-07-12
389,390,bland,2022-07-13
390,391,liver,2022-07-14
391,392,wedge,2022-07-15
392,393,roomy,2022-07-16
393,394,wacky,2022-07-17
394,395,flock,2022-07-18
395,396,angry,2022-07-19
396,397,trite,2022-07-20
397,398,aphid,2022-07-21
398,399,tryst,2022-07-22
399,400,midge,2022-07-23
400,401,power,2022-07-24
401,402,elope,2022-07-25
402,403,cinch,2022-07-26
403,404,motto,2022-07-27
404,405,stomp,2022-07-28
405,406,upset,2022-07-29
406,407,bluff,2022-07-30
407,408,cramp,2022-07-31
408,409,quart,2022-08-01
409,410,coyly,2022-08-02
410,411,youth,2022-08-03
411,412,rhyme,2022-08-04
412,413,buggy,2022-08-05
413,414,alien,2022-08-06
414,415,smear,2022-08-07
415,416,unfit,2022-08-08
416,417,patty,2022-08-09
417,418,cling,2022-08-10
418,419,glean,2022-08-11
419,420,label,2022-08-12
420,421,hunky,2022-08-13
421,422,khaki,2022-08-14
422,423,poker,2022-08-15
423,424,gruel,2022-08-16
424,425,twice,2022-08-17
425,426,twang,2022-08-18
426,427,shrug,2022-08-19
427,428,treat,2022-08-20
428,429,waste,2022-08-21
429,430,merit,2022-08-22
430,431,woven,2022-08-23
431,432,needy,2022-08-24
432,433,clown,2022-08-25
433,434,irony,2022-08-26
434,435,ruder,2022-08-27
435,436,gauze,2022-08-28
436,437,chief,2022-08-29
437,438,onset,2022-08-30
438,439,prize,2022-08-31
439,440,fungi,2022-09-01
440,441,charm,2022-09-02
441,442,gully,2022-09-03
442,443,inter,2022-09-04
443,444,whoop,2022-09-05
444,445,taunt,2022-09-06
445,446,leery,2022-09-07
446,447,class,2022-09-08
447,448,theme,2022-09-09
448,449,lofty,2022-09-10
449,450,tibia,2022-09-11
450,451,booze,2022-09-12
451,452,alpha,2022-09-13
452,453,thyme,2022-09-14
453,454,doubt,2022-09-15
454,455,parer,2022-09-16
455,456,chute,2022-09-17
456,457,stick,2022-09-18
457,458,trice,2022-09-19
458,459,alike,2022-09-20
459,460,recap,2022-09-21
460,461,saint,2022-09-22
461,462,glory,2022-09-23
462,463,grate,2022-09-24
463,464,admit,2022-09-25
464,465,brisk,2022-09-26
465,466,soggy,2022-09-27
466,467,usurp,2022-09-28
467,468,scald,2022-09-29
468,469,scorn,2022-09-30
469,470,leave,2022-10-01
470,471,twine,2022-10-02
471,472,sting,2022-10-03
472,473,bough,2022-10-04
473,474,marsh,2022-10-05
474,475,sloth,2022-10-06
475,476,dandy,2022-10-07
476,477,vigor,2022-10-08
477,478,howdy,2022-10-09
478,479,enjoy,2022-10-10
479,480,valid,2022-10-11
480,481,ionic,2022-10-12
481,482,equal,2022-10-13
482,483,floor,2022-10-14
483,484,catch,2022-10-15
484,485,spade,2022-10-16
485,486,stein,2022-10-17
486,487,exist,2022-10-18
487,488,quirk,2022-10-19
488,489,denim,2022-10-20
489,490,grove,2022-10-21
490,491,spiel,2022-10-22
491,492,mummy,2022-10-23
492,493,fault,2022-10-24
493,494,foggy,2022-10-25
494,495,flout,2022-10-26
495,496,carry,2022-10-27
496,497,sneak,2022-10-28
497,498,libel,2022-10-29
498,499,waltz,2022-10-30
499,500,aptly,2022-10-31
500,501,piney,2022-11-01
501,502,inept,2022-11-02
502,503,aloud,2022-11-03
503,504,photo,2022-11-04
504,505,dream,2022-11-05
505,506,stale,2022-11-06
506,1623,begin,2022-11-07
507,514,spell,2022-11-08
508,530,rainy,2022-11-09
509,507,unite,2022-11-10
510,1249,medal,2022-11-11
511,537,valet,2022-11-12
512,523,inane,2022-11-13
513,1255,maple,2022-11-14
514,508,snarl,2022-11-15
515,509,baker,2022-11-16
516,510,there,2022-11-17
517,511,glyph,2022-11-18
518,539,avert,2022-11-19
519,969,brave,2022-11-20
520,1685,axiom,2022-11-21
521,929,prime,2022-11-22
522,2166,drive,2022-11-23
523,1438,feast,2022-11-24
524,1680,itchy,2022-11-25
525,736,clean,2022-11-26
526,2180,happy,2022-11-27
527,2268,tepid,2022-11-28
528,559,undue,2022-11-29
529,552,study,2022-11-30
530,2276,eject,2022-12-01
531,1311,chafe,2022-12-02
532,2265,torso,2022-12-03
533,1106,adore,2022-12-04
534,849,woken,2022-12-05
535,2008,amber,2022-12-06
536,1246,joust,2022-12-07
537,1149,infer,2022-12-08
538,840,braid,2022-12-09
539,2256,knock,2022-12-10
540,923,naive,2022-12-11
541,1168,apply,2022-12-12
542,895,spoke,2022-12-13
543,621,usual,2022-12-14
544,2278,rival,2022-12-15
545,1591,probe,2022-12-16
546,801,chord,2022-12-17
547,962,taper,2022-12-18
548,853,slate,2022-12-19
549,1045,third,2022-12-20
550,694,lunar,2022-12-21
551,952,excel,2022-12-22
552,2281,aorta,2022-12-23
553,1155,poise,2022-12-24
554,2257,extra,2022-12-25
555,2283,judge,2022-12-26
556,2258,condo,2022-12-27
557,2208,impel,2022-12-28
558,1279,havoc,2022-12-29
559,771,molar,2022-12-30
560,2251,manly,2022-12-31
561,2191,whine,2023-01-01
562,2263,skirt,2023-01-02
563,2117,antic,2023-01-03
564,818,layer,2023-01-04
565,2269,sleek,2023-01-05
566,1847,belie,2023-01-06
567,2110,lemon,2023-01-07
568,1969,opera,2023-01-08
569,1132,pixie,2023-01-09
570,2026,grimy,2023-01-10
571,560,sedan,2023-01-11
572,1836,leapt,2023-01-12
573,570,human,2023-01-13
574,1343,koala,2023-01-14
575,1277,spire,2023-01-15
576,1062,frock,2023-01-16
577,965,adopt,2023-01-17
578,1686,chard,2023-01-18
579,1332,mucky,2023-01-19
580,1483,alter,2023-01-20
581,1049,blurb,2023-01-21
582,825,matey,2023-01-22
583,713,elude,2023-01-23
584,546,count,2023-01-24
585,1517,maize,2023-01-25
586,1384,beefy,2023-01-26
587,1074,worry,2023-01-27
588,1211,flirt,2023-01-28
589,1159,fishy,2023-01-29
590,525,crave,2023-01-30
591,1007,cross,2023-01-31
592,1502,scold,2023-02-01
593,1182,shirk,2023-02-02
594,1075,tasty,2023-02-03
595,2301,unlit,2023-02-04
596,1556,dance,2023-02-05
597,1245,ninth,2023-02-06
598,590,apple,2023-02-07
599,1927,flail,2023-02-08
600,730,stage,2023-02-09
601,1129,heady,2023-02-10
602,1873,debug,2023-02-11
603,1717,giant,2023-02-12
604,1154,usage,2023-02-13
605,838,sound,2023-02-14
606,1584,salsa,2023-02-15
607,776,magic,2023-02-16
608,1312,cache,2023-02-17
609,1207,avail,2023-02-18
610,815,kiosk,2023-02-19
611,1104,sweat,2023-02-20
612,1439,ruddy,2023-02-21
613,1528,riper,2023-02-22
614,1881,vague,2023-02-23
615,805,arbor,2023-02-24
616,1715,fifty,2023-02-25
617,1462,syrup,2023-02-26
618,1805,worse,2023-02-27
619,2261,polka,2023-02-28
620,2116,moose,2023-03-01
621,1852,above,2023-03-02
622,1240,squat,2023-03-03
623,1834,trend,2023-03-04
624,1795,toxic,2023-03-05
625,1879,pinky,2023-03-06
626,1977,horse,2023-03-07
627,975,regal,2023-03-08
628,1052,where,2023-03-09
629,1867,revel,2023-03-10
630,2168,email,2023-03-11
631,1754,birth,2023-03-12
632,2239,blame,2023-03-13
633,1718,surly,2023-03-14
634,883,sweep,2023-03-15
635,1342,cider,2023-03-16
636,1922,mealy,2023-03-17
637,2022,yacht,2023-03-18
638,1172,credo,2023-03-19
639,839,glove,2023-03-20
640,566,tough,2023-03-21
641,1344,duvet,2023-03-22
642,2221,staid,2023-03-23
643,1471,grout,2023-03-24
644,1738,voter,2023-03-25
645,2279,untie,2023-03-26
646,2312,guano,2023-03-27
647,2104,hurry,2023-03-28
648,773,beset,2023-03-29
649,1002,bread,2023-03-30
650,977,every,2023-03-31
651,803,march,2023-04-01
652,1305,stock,2023-04-02
653,1412,flora,2023-04-03
654,1809,ratio,2023-04-04
655,1229,smash,2023-04-05
656,887,leafy,2023-04-06
657,1307,locus,2023-04-07
658,1895,ledge,2023-04-08
659,2317,snafu,2023-04-09
660,1648,under,2023-04-10
661,726,qualm,2023-04-11
662,699,borax,2023-04-12
663,2010,carat,2023-04-13
664,1271,thief,2023-04-14
665,1025,agony,2023-04-15
666,852,dwelt,2023-04-16
667,1522,whiff,2023-04-17
668,2233,hound,2023-04-18
669,798,thump,2023-04-19
670,1216,plate,2023-04-20
671,2075,kayak,2023-04-21
672,1782,broke,2023-04-22
673,955,unzip,2023-04-23
674,618,ditto,2023-04-24
675,875,joker,2023-04-25
676,2081,metro,2023-04-26
677,1316,logic,2023-04-27
678,1978,circa,2023-04-28
679,1297,cedar,2023-04-29
680,1894,plaza,2023-04-30
681,785,range,2023-05-01
682,1333,sulky,2023-05-02
683,1300,horde,2023-05-03
684,2121,guppy,2023-05-04
685,1389,below,2023-05-05
686,2165,anger,2023-05-06
687,1663,ghoul,2023-05-07
688,1265,aglow,2023-05-08
689,1530,cocoa,2023-05-09
690,1660,ethic,2023-05-10
691,1476,broom,2023-05-11
692,1858,snack,2023-05-12
693,1128,acrid,2023-05-13
694,1441,scarf,2023-05-14
695,567,canoe,2023-05-15
696,2142,latte,2023-05-16
697,1636,plank,2023-05-17
698,2106,shorn,2023-05-18
699,1050,grief,2023-05-19
700,2038,flask,2023-05-20
701,1392,brash,2023-05-21
702,1450,igloo,2023-05-22
703,1657,clerk,2023-05-23
704,1493,utter,2023-05-24
705,1682,bagel,2023-05-25
706,562,swine,2023-05-26
707,1146,ramen,2023-05-27
708,528,skimp,2023-05-28
709,1331,mouse,2023-05-29
710,755,kneel,2023-05-30
711,1222,agile,2023-05-31
712,1714,jazzy,2023-06-01
713,657,humid,2023-06-02
714,613,nanny,2023-06-03
715,1491,beast,2023-06-04
716,817,ennui,2023-06-05
717,1877,scout,2023-06-06
718,682,hater,2023-06-07
719,1459,crumb,2023-06-08
720,2310,balsa,2023-06-09
721,1480,again,2023-06-10
722,2246,guard,2023-06-11
723,1536,wrong,2023-06-12
724,1218,plunk,2023-06-13
725,1875,crime,2023-06-14
726,1823,maybe,2023-06-15
727,1117,strap,2023-06-16
728,2108,ranch,2023-06-17
729,1268,shyly,2023-06-18
730,2313,kazoo,2023-06-19
731,1888,frost,2023-06-20
732,1704,crane,2023-06-21
733,1694,taste,2023-06-22
734,569,covet,2023-06-23
735,2083,grand,2023-06-24
736,2245,rodeo,2023-06-25
737,976,guest,2023-06-26
738,703,about,2023-06-27
739,1992,tract,2023-06-28
740,633,diner,2023-06-29
741,1041,straw,2023-06-30
742,2171,bleep,2023-07-01
743,2220,mossy,2023-07-02
744,1546,hotel,2023-07-03
745,847,irate,2023-07-04
746,674,venom,2023-07-05
747,1447,windy,2023-07-06
748,988,donut,2023-07-07
749,1931,cower,2023-07-08
750,963,enter,2023-07-09
751,515,folly,2023-07-10
752,959,earth,2023-07-11
753,2162,whirl,2023-07-12
754,824,barge,2023-07-13
755,1315,fiend,2023-07-14
756,2218,crone,2023-07-15
757,1194,topaz,2023-07-16
758,1215,droop,2023-07-17
759,765,flyer,2023-07-18
760,1948,tonic,2023-07-19
761,1252,flank,2023-07-20
762,1378,burly,2023-07-21
763,2113,froze,2023-07-22
764,1454,whale,2023-07-23
765,1490,hobby,2023-07-24
766,1190,wheel,2023-07-25
767,631,heart,2023-07-26
768,1051,disco,2023-07-27
769,1486,ethos,2023-07-28
770,1296,curly,2023-07-29
771,926,bathe,2023-07-30
772,2115,style,2023-07-31
773,2056,tenth,2023-08-01
774,1189,beget,2023-08-02
775,1091,party,2023-08-03
776,1784,chart,2023-08-04
777,1874,anode,2023-08-05
778,958,polyp,2023-08-06
779,1713,brook,2023-08-07
780,1199,bully,2023-08-08
781,553,lover,2023-08-09
782,1354,empty,2023-08-10
783,2252,hello,2023-08-11
784,578,quick,2023-08-12
785,1914,wrath,2023-08-13
786,1241,snaky,2023-08-14
787,723,index,2023-08-15
788,992,scrub,2023-08-16
789,1837,amiss,2023-08-17
790,2128,exact,2023-08-18
791,2154,magma,2023-08-19
792,1674,quest,2023-08-20
793,1054,beach,2023-08-21
794,1398,spice,2023-08-22
795,792,verve,2023-08-23
796,1786,wordy,2023-08-24
797,845,ocean,2023-08-25
798,893,choir,2023-08-26
799,2272,peace,2023-08-27
800,668,write,2023-08-28
801,1201,caper,2023-08-29
802,1564,audio,2023-08-30
803,1487,bride,2023-08-31
804,1206,space,2023-09-01
805,635,onion,2023-09-02
806,2209,await,2023-09-03
807,1954,giddy,2023-09-04
808,688,birch,2023-09-05
809,2097,gnash,2023-09-06
810,1224,dwell,2023-09-07
811,862,rouse,2023-09-08
812,689,lucky,2023-09-09
813,1958,quote,2023-09-10
814,1668,older,2023-09-11
815,786,whisk,2023-09-12
816,1338,clear,2023-09-13
817,2262,rayon,2023-09-14
818,1983,exert,2023-09-15
819,1819,angel,2023-09-16
820,2169,music,2023-09-17
821,1995,frank,2023-09-18
822,2055,close,2023-09-19
823,696,snare,2023-09-20
824,1885,stone,2023-09-21
825,1703,brush,2023-09-22
826,1366,carol,2023-09-23
827,2001,right,2023-09-24
828,1274,rocky,2023-09-25
829,1210,loyal,2023-09-26
830,641,smile,2023-09-27
831,601,coach,2023-09-28
832,835,azure,2023-09-29
833,533,daddy,2023-09-30
834,1963,beret,2023-10-01
835,1926,merry,2023-10-02
836,1166,while,2023-10-03
837,1569,spurt,2023-10-04
838,2144,bunch,2023-10-05
839,2133,chime,2023-10-06
840,1039,viola,2023-10-07
841,1833,binge,2023-10-08
842,2129,truth,2023-10-09
843,745,snail,2023-10-10
844,1339,skunk,2023-10-11
845,1870,knelt,2023-10-12
846,1284,uncle,2023-10-13
847,1599,agent,2023-10-14
848,584,leaky,2023-10-15
849,1755,graph,2023-10-16
850,2282,adult,2023-10-17
851,2267,mercy,2023-10-18
852,764,splat,2023-10-19
853,2087,occur,2023-10-20
854,1535,smirk,2023-10-21
855,580,given,2023-10-22
856,1214,tempo,2023-10-23
857,1263,cause,2023-10-24
858,1417,retry,2023-10-25
859,532,pique,2023-10-26
860,1485,noble,2023-10-27
861,767,mason,2023-10-28
862,1405,phony,2023-10-29
863,2059,grail,2023-10-30
864,1294,bleak,2023-10-31
865,1964,noise,2023-11-01
866,961,until,2023-11-02
867,612,ardor,2023-11-03
868,683,mania,2023-11-04
869,1972,flare,2023-11-05
870,1077,trade,2023-11-06
871,1630,limit,2023-11-07
872,625,ninja,2023-11-08
873,2072,glaze,2023-11-09
874,1554,leash,2023-11-10
875,1649,actor,2023-11-11
876,906,meant,2023-11-12
877,1698,green,2023-11-13
878,1053,sassy,2023-11-14
879,1781,sight,2023-11-15
880,2003,trust,2023-11-16
881,1107,tardy,2023-11-17
882,1808,think,2023-11-18
883,774,queue,2023-11-19
884,800,candy,2023-11-20
885,1140,piano,2023-11-21
886,1544,pixel,2023-11-22
887,956,queen,2023-11-23
888,1608,throw,2023-11-24
889,1645,guide,2023-11-25
890,855,solid,2023-11-26
891,1436,tawny,2023-11-27
892,841,scope,2023-11-28
893,793,sushi,2023-11-29
894,1541,resin,2023-11-30
895,1731,taken,2023-12-01
896,543,genre,2023-12-02
897,2259,adapt,2023-12-03
898,882,worst,2023-12-04
899,1113,young,2023-12-05
900,2156,woman,2023-12-06
901,611,sleep,2023-12-07
902,1401,sharp,2023-12-08
903,1175,shift,2023-12-09
904,2088,chain,2023-12-10
905,698,house,2023-12-11
906,1494,these,2023-12-12
907,1525,spent,2023-12-13
908,1021,would,2023-12-14
909,1701,topic,2023-12-15
910,860,globe,2023-12-16
911,1900,bacon,2023-12-17
912,556,funny,2023-12-18
913,1534,table,2023-12-19
914,1724,small,2023-12-20
915,648,built,2023-12-21
916,1092,touch,2023-12-22
917,1291,slope,2023-12-23
918,617,grace,2023-12-24
919,642,evoke,2023-12-25
920,1814,phone,2023-12-26
921,912,daisy,2023-12-27
922,1253,learn,2023-12-28
923,964,child,2023-12-29
924,1179,three,2023-12-30
925,1563,salty,2023-12-31
926,1705,mural,2024-01-01
927,536,aging,2024-01-02
928,781,twirl,2024-01-03
929,1855,scant,2024-01-04
930,1205,lunge,2024-01-05
931,1901,cable,2024-01-06
932,953,stony,2024-01-07
933,593,final,2024-01-08
934,1561,liner,2024-01-09
935,520,threw,2024-01-10
936,1328,brief,2024-01-11
937,1400,route,2024-01-12
938,1818,heard,2024-01-13
939,768,doing,2024-01-14
940,572,lunch,2024-01-15
941,816,blond,2024-01-16
942,1815,court,2024-01-17
943,1193,stole,2024-01-18
944,2102,thing,2024-01-19
945,1023,large,2024-01-20
946,1853,north,2024-01-21
947,1896,tweak,2024-01-22
948,677,still,2024-01-23
949,2183,relic,2024-01-24
950,905,block,2024-01-25
951,1780,aloof,2024-01-26
952,1565,snake,2024-01-27
953,1351,ember,2024-01-28
954,1934,leggy,2024-01-29
955,1849,expel,2024-01-30
956,1975,bulky,2024-01-31
957,867,alive,2024-02-01
958,1887,cleft,2024-02-02
959,1250,micro,2024-02-03
960,1637,verge,2024-02-04
961,2145,repel,2024-02-05
962,1017,which,2024-02-06
963,1349,after,2024-02-07
964,719,place,2024-02-08
965,1893,stiff,2024-02-09
966,2023,fried,2024-02-10
967,1329,never,2024-02-11
968,1776,pasta,2024-02-12
969,2250,scram,2024-02-13
970,1868,talon,2024-02-14
971,1032,ascot,2024-02-15
972,2201,stash,2024-02-16
973,1148,psalm,2024-02-17
974,738,ridge,2024-02-18
975,604,price,2024-02-19
976,2266,match,2024-02-20
977,1139,build,2024-02-21
978,1513,heavy,2024-02-22
979,1666,apart,2024-02-23
980,1500,piper,2024-02-24
981,2065,smith,2024-02-25
982,872,often,2024-02-26
983,1716,sense,2024-02-27
984,1959,devil,2024-02-28
985,2125,image,2024-02-29
986,1282,forty,2024-03-01
987,1035,urban,2024-03-02
988,2031,state,2024-03-03
989,1778,flame,2024-03-04
990,1543,hunch,2024-03-05
991,1783,teary,2024-03-06
992,2060,clone,2024-03-07
993,1574,early,2024-03-08
994,1681,cheer,2024-03-09
995,2032,grasp,2024-03-10
996,1482,pesky,2024-03-11
997,1999,heave,2024-03-12
998,1076,local,2024-03-13
999,876,since,2024-03-14
1000,602,erupt,2024-03-15
1001,705,toxin,2024-03-16
1002,1367,snort,2024-03-17
1003,600,spelt,2024-03-18
1004,1038,abide,2024-03-19
1005,1293,lingo,2024-03-20
1006,632,shade,2024-03-21
1007,731,decay,2024-03-22
1008,582,risen,2024-03-23
1009,1387,towel,2024-03-24
1010,1449,sally,2024-03-25
1011,1151,mayor,2024-03-26
1012,812,stung,2024-03-27
1013,2214,speak,2024-03-28
1014,1119,realm,2024-03-29
1015,1594,force,2024-03-30
1016,1956,taboo,2024-03-31
1017,1116,frond,2024-04-01
1018,1178,serum,2024-04-02
1019,2194,plait,2024-04-03
1020,1654,climb,2024-04-04
1021,858,wrist,2024-04-05
1022,1078,finch,2024-04-06
1023,1747,voila,2024-04-07
1024,1309,breed,2024-04-08
1025,1360,merge,2024-04-09
1026,2149,broth,2024-04-10
1027,516,louse,2024-04-11
1028,1507,whiny,2024-04-12
1029,1067,steel,2024-04-13
1030,1313,blimp,2024-04-14
1031,565,equip,2024-04-15
1032,1014,shank,2024-04-16
1033,1473,tithe,2024-04-17
1034,1558,facet,2024-04-18
1035,1643,raise,2024-04-19
1036,1771,lucid,2024-04-20
1037,859,jolly,2024-04-21
1038,2321,laser,2024-04-22
1039,843,rover,2024-04-23
1040,1150,overt,2024-04-24
1041,2243,intro,2024-04-25
1042,1097,vapid,2024-04-26
1043,1985,gleam,2024-04-27
1044,1723,prune,2024-04-28
1045,1767,craft,2024-04-29
1046,1270,prowl,2024-04-30
1047,1125,diary,2024-05-01
1048,1602,slice,2024-05-02
1049,1741,ebony,2024-05-03
1050,1397,value,2024-05-04
1051,1419,decal,2024-05-05
1052,2287,shave,2024-05-06
1053,531,musty,2024-05-07
1054,2325,pious,2024-05-08
1055,1382,jerky,2024-05-09
1056,1335,media,2024-05-10
1057,1444,tidal,2024-05-11
1058,931,outer,2024-05-12
1059,1304,cumin,2024-05-13
1060,1044,amass,2024-05-14
1061,2223,pinch,2024-05-15
1062,1915,stall,2024-05-16
1063,1047,tutor,2024-05-17
1064,1671,briny,2024-05-18
1065,1112,hitch,2024-05-19
1066,700,nicer,2024-05-20
1067,998,dingo,2024-05-21
1068,702,exalt,2024-05-22
1069,1285,swish,2024-05-23
1070,1153,glide,2024-05-24
1071,1770,titan,2024-05-25
1072,1288,bevel,2024-05-26
1073,1937,skier,2024-05-27
1074,1768,minus,2024-05-28
1075,1928,papal,2024-05-29
1076,2179,gummy,2024-05-30
1077,568,chaos,2024-05-31
1078,802,basin,2024-06-01
1079,811,bravo,2024-06-02
1080,1952,stark,2024-06-03
1081,1110,groom,2024-06-04
1082,2254,organ,2024-06-05
1083,1161,ether,2024-06-06
1084,1744,melon,2024-06-07
1085,2222,hence,2024-06-08
1086,804,crowd,2024-06-09
1087,575,manga,2024-06-10
1088,1466,swung,2024-06-11
1089,551,deter,2024-06-12
1090,1100,angst,2024-06-13
1091,518,vault,2024-06-14
1092,1691,proud,2024-06-15
1093,585,grind,2024-06-16
1094,1869,prior,2024-06-17
1095,866,cover,2024-06-18
1096,1463,terse,2024-06-19
1097,1523,scent,2024-06-20
1098,1560,paint,2024-06-21
1099,780,edict,2024-06-22
1100,1435,bugle,2024-06-23
1101,873,dolly,2024-06-24
1102,1791,savor,2024-06-25
1103,2161,knead,2024-06-26
1104,1596,order,2024-06-27
1105,1162,drove,2024-06-28
1106,823,zebra,2024-06-29
1107,797,buddy,2024-06-30
1108,1073,adage,2024-07-01
1109,708,inlay,2024-07-02
1110,1970,thigh,2024-07-03
1111,1595,debut,2024-07-04
1112,1988,crush,2024-07-05
1113,1726,scoff,2024-07-06
1114,1174,canon,2024-07-07
1115,1188,shape,2024-07-08
1116,1588,blare,2024-07-09
1117,1081,gaunt,2024-07-10
1118,1647,cameo,2024-07-11
1119,607,jiffy,2024-07-12
1120,1083,enact,2024-07-13
1121,1884,video,2024-07-14
1122,1029,swoon,2024-07-15
1123,1746,decoy,2024-07-16
1124,1310,quite,2024-07-17
1125,1451,nerdy,2024-07-18
1126,1655,refer,2024-07-19
1127,734,shaft,2024-07-20
1128,1086,speck,2024-07-21
1129,1828,cadet,2024-07-22
1130,1065,prong,2024-07-23
1131,2189,forte,2024-07-24
1132,997,porch,2024-07-25
1133,1857,awash,2024-07-26
1134,1923,juice,2024-07-27
1135,1358,smock,2024-07-28
1136,1347,super,2024-07-29
1137,2255,feral,2024-07-30
1138,1136,penne,2024-07-31
1139,1437,chalk,2024-08-01
1140,1872,flake,2024-08-02
1141,1667,scale,2024-08-03
1142,1102,lower,2024-08-04
1143,878,ensue,2024-08-05
1144,2146,anvil,2024-08-06
1145,789,macaw,2024-08-07
1146,1396,saucy,2024-08-08
1147,1865,ounce,2024-08-09
1148,1899,medic,2024-08-10
1149,1393,scone,2024-08-11
1150,1634,skiff,2024-08-12
1151,1742,neigh,2024-08-13
1152,2111,shore,2024-08-14
1153,678,acorn,2024-08-15
1154,2092,brace,2024-08-16
1155,960,storm,2024-08-17
1156,710,lanky,2024-08-18
1157,2148,meter,2024-08-19
1158,897,delay,2024-08-20
1159,542,mulch,2024-08-21
1160,1933,brute,2024-08-22
1161,2054,leech,2024-08-23
1162,970,filet,2024-08-24
1163,1244,skate,2024-08-25
1164,1223,stake,2024-08-26
1165,1034,crown,2024-08-27
1166,1712,lithe,2024-08-28
1167,1721,flunk,2024-08-29
1168,1225,knave,2024-08-30
1169,791,spout,2024-08-31
1170,1750,mushy,2024-09-01
1171,1816,camel,2024-09-02
1172,1369,faint,2024-09-03
1173,1272,stern,2024-09-04
1174,1600,widen,2024-09-05
1175,1673,rerun,2024-09-06
1176,1350,owner,2024-09-07
1177,1678,drawn,2024-09-08
1178,1242,debit,2024-09-09
1179,1251,rebel,2024-09-10
1180,1633,aisle,2024-09-11
1181,930,brass,2024-09-12
1182,1689,harsh,2024-09-13
1183,1684,broad,2024-09-14
1184,1357,recur,2024-09-15
1185,592,honey,2024-09-16
1186,2318,beaut,2024-09-17
1187,2079,fully,2024-09-18
1188,2210,press,2024-09-19
1189,557,smoke,2024-09-20
1190,1123,seven,2024-09-21
1191,1886,teach,2024-09-22
1192,1916,steam,2024-09-23
1193,616,handy,2024-09-24
1194,1478,torch,2024-09-25
1195,749,thank,2024-09-26
1196,2264,faith,2024-09-27
1197,796,brain,2024-09-28
1198,2172,rider,2024-09-29
1199,2052,cloud,2024-09-30
1200,1943,modem,2024-10-01
1201,1020,shell,2024-10-02
1202,945,wagon,2024-10-03
1203,813,title,2024-10-04
1204,1697,miner,2024-10-05
1205,1407,lager,2024-10-06
1206,1371,flour,2024-10-07
1207,1510,joint,2024-10-08
1208,2322,mommy,2024-10-09
1209,586,carve,2024-10-10
1210,564,gusty,2024-10-11
1211,808,stain,2024-10-12
1212,629,prone,2024-10-13
1213,1465,gamut,2024-10-14
1214,2011,corer,2024-10-15
1215,1898,grant,2024-10-16
1216,1068,halve,2024-10-17
1217,1165,stint,2024-10-18
1218,752,fiber,2024-10-19
1219,1769,dicey,2024-10-20
1220,1590,spoon,2024-10-21
1221,1827,shout,2024-10-22
1222,2167,goofy,2024-10-23
1223,1708,bossy,2024-10-24
1224,654,frown,2024-10-25
1225,1866,wreak,2024-10-26
1226,2036,sandy,2024-10-27
1227,1402,bawdy,2024-10-28
1228,706,tunic,2024-10-29
1229,1395,easel,2024-10-30
1230,1758,weird,2024-10-31
1231,1495,sixth,2024-11-01
1232,1090,snoop,2024-11-02
1233,1325,blaze,2024-11-03
1234,1070,vinyl,2024-11-04
1235,581,octet,2024-11-05
1236,1281,truly,2024-11-06
1237,877,event,2024-11-07
1238,1115,ready,2024-11-08
1239,1408,swell,2024-11-09
1240,983,inner,2024-11-10
1241,1381,stoic,2024-11-11
1242,746,flown,2024-11-12
1243,2326,primp,2024-11-13
1244,2352,uvula,2024-11-14
1245,1618,tacky,2024-11-15
1246,2205,visor,2024-11-16
1247,1659,tally,2024-11-17
1248,1860,frail,2024-11-18
1249,2230,going,2024-11-19
1250,1921,niche,2024-11-20
1251,1826,spine,2024-11-21
1252,995,pearl,2024-11-22
1253,1098,jelly,2024-11-23
1254,1891,twist,2024-11-24
1255,2198,brown,2024-11-25
1256,2143,witch,2024-11-26
1257,1169,slang,2024-11-27
1258,1882,chock,2024-11-28
1259,1431,hippo,2024-11-29
1260,1422,dogma,2024-11-30
1261,2020,mauve,2024-12-01
1262,563,guile,2024-12-02
1263,1364,shaky,2024-12-03
1264,1303,crypt,2024-12-04
1265,2044,endow,2024-12-05
1266,1232,shove,2024-12-06
1267,1664,hilly,2024-12-07
1268,1807,hyena,2024-12-08
1269,2021,flung,2024-12-09
1270,655,patio,2024-12-10
1271,1797,plumb,2024-12-11
1272,1428,vying,2024-12-12
1273,1203,boxer,2024-12-13
1274,1301,drool,2024-12-14
1275,1793,funky,2024-12-15
1276,1909,boast,2024-12-16
1277,1859,scowl,2024-12-17
1278,1503,hefty,2024-12-18
1279,574,stray,2024-12-19
1280,1572,flash,2024-12-20
1281,2047,blade,2024-12-21
1282,685,brawn,2024-12-22
1283,1055,sauna,2024-12-23
1284,645,eagle,2024-12-24
1285,979,share,2024-12-25
1286,2014,affix,2024-12-26
1287,1982,grain,2024-12-27
1288,2202,decry,2024-12-28
1289,2000,mambo,2024-12-29
1290,890,stare,2024-12-30
1291,1289,lemur,2024-12-31
1292,732,nerve,2025-01-01
1293,610,chose,2025-01-02
1294,1317,cheap,2025-01-03
1295,865,relax,2025-01-04
1296,1105,cyber,2025-01-05
1297,1825,sprig,2025-01-06
1298,2362,atlas,2025-01-07
1299,1290,draft,2025-01-08
1300,1854,wafer,2025-01-09
1301,1639,crawl,2025-01-10
1302,1798,dingy,2025-01-11
1303,548,total,2025-01-12
1304,1567,cloak,2025-01-13
1305,993,fancy,2025-01-14
1306,1593,knack,2025-01-15
1307,861,flint,2025-01-16
1308,748,prose,2025-01-17
1309,996,silly,2025-01-18
1310,2284,rower,2025-01-19
1311,2353,squid,2025-01-20
1312,742,icing,2025-01-21
1313,1352,reach,2025-01-22
1314,1413,upper,2025-01-23
1315,1592,crepe,2025-01-24
1316,1675,crisp,2025-01-25
1317,669,sunny,2025-01-26
1318,879,shunt,2025-01-27
1319,1844,fever,2025-01-28
1320,571,udder,2025-01-29
1321,1320,false,2025-01-30
1322,1394,toast,2025-01-31
1323,555,rivet,2025-02-01
1324,1195,chore,2025-02-02
1325,1650,revue,2025-02-03
1326,1160,tooth,2025-02-04
1327,1440,pedal,2025-02-05
1328,951,pupil,2025-02-06
1329,1164,swath,2025-02-07
1330,1221,steep,2025-02-08
1331,1134,bonus,2025-02-09
1332,653,goody,2025-02-10
1333,821,score,2025-02-11
